IPK,Kehadiran,Jam_Belajar,Organisasi,Penghasilan_Ortu,Jenis_Kelamin,Status_Beasiswa,Lulus_Tepat_Waktu
3.32,93.1,6.3,Aktif,Menengah,Perempuan,Ya,Tepat Waktu
3.04,100.0,5.7,Tidak Aktif,Rendah,Perempuan,Tidak,Tepat Waktu
3.39,65.2,3.1,Tidak Aktif,Menengah,Perempuan,Tidak,Tepat Waktu
3.79,88.8,2.5,Aktif,Rendah,Laki-laki,Ya,Tepat Waktu
2.99,74.2,4.6,Aktif,Menengah,Laki-laki,Tidak,Tepat Waktu
2.99,76.2,4.0,Aktif,Menengah,Perempuan,Tidak,Tepat Waktu
3.81,74.9,4.9,Tidak Aktif,Menengah,Laki-laki,Ya,Tepat Waktu
3.45,71.6,4.3,Tidak Aktif,Tinggi,Perempuan,Tidak,Tidak Tepat Waktu
2.89,82.6,5.4,Tidak Aktif,Menengah,Perempuan,Tidak,Tepat Waktu
3.34,72.0,2.2,Tidak Aktif,Rendah,Laki-laki,Tidak,Tepat Waktu
2.89,85.2,6.0,Tidak Aktif,Rendah,Perempuan,Tidak,Tepat Waktu
2.89,81.4,3.9,Aktif,Rendah,Perempuan,Tidak,Tepat Waktu
3.21,79.1,7.1,Aktif,Rendah,Laki-laki,Ya,Tepat Waktu
2.24,71.1,2.0,Tidak Aktif,Rendah,Perempuan,Ya,Tidak Tepat Waktu
2.32,75.1,6.4,Aktif,Rendah,Perempuan,Ya,Tidak Tepat Waktu
2.85,91.1,4.2,Aktif,Tinggi,Perempuan,Tidak,Tepat Waktu
2.64,88.0,2.5,Tidak Aktif,Menengah,Perempuan,Tidak,Tidak Tepat Waktu
3.24,70.3,2.2,Tidak Aktif,Rendah,Laki-laki,Tidak,Tidak Tepat Waktu
2.69,83.2,,Tidak Aktif,Menengah,Perempuan,Tidak,Tidak Tepat Waktu
2.46,91.0,4.6,Tidak Aktif,Rendah,Perempuan,Ya,Tepat Waktu
3.76,62.0,3.8,Tidak Aktif,Menengah,Perempuan,Tidak,Tepat Waktu
3.0,88.5,2.7,Tidak Aktif,Menengah,Perempuan,Tidak,Tidak Tepat Waktu
3.13,74.0,3.3,Tidak Aktif,Menengah,Laki-laki,Tidak,Tepat Waktu
2.46,88.8,7.6,Tidak Aktif,Menengah,Perempuan,Tidak,Tepat Waktu
2.86,72.8,6.3,Aktif,Tinggi,Laki-laki,Tidak,Tepat Waktu
3.15,60.3,3.6,Tidak Aktif,Tinggi,Laki-laki,Tidak,Tidak Tepat Waktu
2.58,62.5,,Tidak Aktif,Menengah,Laki-laki,Tidak,Tidak Tepat Waktu
3.27,82.6,3.7,Tidak Aktif,Menengah,Perempuan,Tidak,Tepat Waktu
2.83,85.1,4.7,Tidak Aktif,Menengah,Perempuan,Ya,Tidak Tepat Waktu
2.97,71.1,1.4,Tidak Aktif,Rendah,Perempuan,Ya,Tidak Tepat Waktu
2.83,,3.2,Aktif,Menengah,Perempuan,Tidak,Tepat Waktu
3.93,62.1,0.0,Tidak Aktif,Rendah,Perempuan,Tidak,Tidak Tepat Waktu
3.09,81.2,4.2,Aktif,Menengah,Perempuan,Tidak,Tepat Waktu
2.62,67.5,4.3,Aktif,Menengah,Perempuan,Ya,Tidak Tepat Waktu
3.47,74.2,2.4,Aktif,Rendah,Laki-laki,Ya,Tepat Waktu
2.55,82.6,6.3,Tidak Aktif,Tinggi,Laki-laki,Tidak,Tidak Tepat Waktu
3.19,71.7,1.0,Aktif,Tinggi,Perempuan,Tidak,Tidak Tepat Waktu
2.22,77.4,0.8,Tidak Aktif,Menengah,Perempuan,Tidak,Tidak Tepat Waktu
2.5,94.1,4.3,Aktif,Menengah,Laki-laki,Tidak,Tidak Tepat Waktu
3.19,75.1,5.2,Tidak Aktif,Tinggi,Laki-laki,Tidak,Tidak Tepat Waktu
3.43,92.0,6.8,Aktif,Rendah,Perempuan,Tidak,Tepat Waktu
3.18,68.4,2.3,Tidak Aktif,Menengah,Laki-laki,Tidak,Tidak Tepat Waktu
3.05,88.4,5.6,Tidak Aktif,Rendah,Perempuan,Tidak,Tepat Waktu
2.96,99.3,3.9,Tidak Aktif,Menengah,Perempuan,Tidak,Tepat Waktu
2.43,52.3,2.3,Aktif,Rendah,Laki-laki,Ya,Tidak Tepat Waktu
2.78,72.4,4.8,Tidak Aktif,Tinggi,Laki-laki,Tidak,Tidak Tepat Waktu
2.89,88.9,4.9,Tidak Aktif,Tinggi,Perempuan,Tidak,Tepat Waktu
3.58,79.6,0.6,Tidak Aktif,Rendah,Perempuan,Tidak,Tidak Tepat Waktu
3.25,86.5,6.3,Aktif,Menengah,Perempuan,Tidak,Tepat Waktu
2.31,74.8,5.8,Aktif,Tinggi,Perempuan,Tidak,Tidak Tepat Waktu
3.25,83.0,2.4,Tidak Aktif,Menengah,Laki-laki,Tidak,Tepat Waktu
2.93,80.1,4.1,Tidak Aktif,Tinggi,Perempuan,Tidak,Tidak Tepat Waktu
2.8,96.0,4.8,Tidak Aktif,Menengah,Perempuan,Ya,Tidak Tepat Waktu
3.38,85.1,4.1,Tidak Aktif,Menengah,Perempuan,Tidak,Tepat Waktu
3.56,86.1,2.6,Tidak Aktif,Rendah,Laki-laki,Ya,Tepat Waktu
3.52,77.1,2.2,Aktif,Rendah,Perempuan,Tidak,Tepat Waktu
2.72,76.1,3.3,Tidak Aktif,Menengah,Perempuan,Tidak,Tidak Tepat Waktu
2.96,76.8,5.4,Aktif,Menengah,Laki-laki,Tidak,Tepat Waktu
3.25,86.7,4.6,Tidak Aktif,Menengah,Laki-laki,Tidak,Tepat Waktu
3.54,76.9,,Tidak Aktif,Menengah,Perempuan,Ya,Tepat Waktu
2.88,85.5,5.0,Tidak Aktif,Menengah,Laki-laki,Tidak,Tepat Waktu
3.02,100.0,0.5,Aktif,Tinggi,Laki-laki,Tidak,Tidak Tepat Waktu
2.6,92.5,5.9,Aktif,Tinggi,Laki-laki,Tidak,Tepat Waktu
2.56,78.1,0.3,Aktif,Menengah,Perempuan,Tidak,Tidak Tepat Waktu
3.47,96.4,3.2,Aktif,Tinggi,Perempuan,Tidak,Tidak Tepat Waktu
3.71,77.1,1.4,Aktif,Menengah,Perempuan,Tidak,Tepat Waktu
3.07,57.5,0.5,Tidak Aktif,Menengah,Laki-laki,Tidak,Tidak Tepat Waktu
3.55,69.9,5.2,Aktif,Tinggi,Perempuan,Tidak,Tepat Waktu
3.26,59.6,2.0,Aktif,Rendah,Perempuan,Tidak,Tidak Tepat Waktu
2.81,77.8,4.0,Tidak Aktif,Rendah,Perempuan,Tidak,Tidak Tepat Waktu
3.26,82.2,,Tidak Aktif,Tinggi,Perempuan,Tidak,Tepat Waktu
3.79,100.0,4.9,Tidak Aktif,Menengah,Laki-laki,Tidak,Tepat Waktu
3.08,85.9,3.7,Aktif,Tinggi,Perempuan,Tidak,Tidak Tepat Waktu
3.8,79.4,1.1,Tidak Aktif,Tinggi,Laki-laki,Tidak,Tepat Waktu
1.92,92.0,5.6,Aktif,Rendah,Perempuan,Tidak,Tidak Tepat Waktu
3.47,55.5,1.8,Aktif,Tinggi,Laki-laki,Tidak,Tidak Tepat Waktu
3.14,84.8,0.8,Tidak Aktif,Menengah,Laki-laki,Tidak,Tidak Tepat Waktu
2.97,91.3,3.0,Aktif,Menengah,Laki-laki,Tidak,Tepat Waktu
3.14,64.3,5.7,Tidak Aktif,Menengah,Perempuan,Tidak,Tepat Waktu
2.21,95.7,5.4,Tidak Aktif,Tinggi,Laki-laki,Tidak,Tepat Waktu
3.0,86.1,3.0,Aktif,Rendah,Perempuan,Ya,Tepat Waktu
3.26,77.0,2.8,Tidak Aktif,Menengah,Laki-laki,Tidak,Tidak Tepat Waktu
3.77,89.6,3.1,Aktif,Menengah,Laki-laki,Ya,Tepat Waktu
2.87,100.0,7.7,Tidak Aktif,Menengah,Perempuan,Ya,Tepat Waktu
2.74,84.2,4.3,Tidak Aktif,Menengah,Laki-laki,Ya,Tidak Tepat Waktu
2.87,85.0,4.4,Tidak Aktif,Rendah,Laki-laki,Tidak,Tepat Waktu
3.51,76.5,5.2,Tidak Aktif,Rendah,Perempuan,Tidak,Tepat Waktu
3.25,71.8,3.6,Aktif,Menengah,Laki-laki,Ya,Tidak Tepat Waktu
2.86,,3.3,Tidak Aktif,Tinggi,Laki-laki,Tidak,Tepat Waktu
3.33,71.7,2.8,Aktif,Rendah,Laki-laki,Ya,Tidak Tepat Waktu
3.14,,3.4,Tidak Aktif,Rendah,Perempuan,Ya,Tepat Waktu
3.54,76.3,3.2,Tidak Aktif,Tinggi,Perempuan,Tidak,Tepat Waktu
2.78,87.7,5.0,Aktif,Rendah,Perempuan,Tidak,Tepat Waktu
2.95,86.0,3.7,Tidak Aktif,Tinggi,Perempuan,Tidak,Tepat Waktu
2.92,94.5,5.2,Aktif,Menengah,Laki-laki,Tidak,Tepat Waktu
2.44,75.9,3.2,Tidak Aktif,Tinggi,Laki-laki,Tidak,Tidak Tepat Waktu
3.23,78.8,3.5,Tidak Aktif,Rendah,Perempuan,Ya,Tidak Tepat Waktu
3.22,70.3,0.0,Tidak Aktif,Rendah,Laki-laki,Tidak,Tidak Tepat Waktu
,76.7,4.9,Tidak Aktif,Menengah,Laki-laki,Ya,Tepat Waktu
2.99,86.5,4.2,Aktif,Tinggi,Laki-laki,Tidak,Tidak Tepat Waktu
2.46,91.1,5.6,Aktif,Menengah,Laki-laki,Tidak,Tidak Tepat Waktu
2.91,70.9,0.0,Aktif,Rendah,Perempuan,Ya,Tepat Waktu
2.95,92.4,7.6,Aktif,Menengah,Laki-laki,Tidak,Tepat Waktu
2.74,98.3,3.7,Aktif,Menengah,Perempuan,Ya,Tidak Tepat Waktu
3.03,87.0,5.6,Tidak Aktif,Menengah,Laki-laki,Ya,Tepat Waktu
3.28,100.0,2.1,Tidak Aktif,Menengah,Perempuan,Tidak,Tepat Waktu
3.95,72.7,4.3,Tidak Aktif,Tinggi,Laki-laki,Tidak,Tepat Waktu
3.18,67.1,1.2,Aktif,Menengah,Laki-laki,Tidak,Tidak Tepat Waktu
,60.7,1.8,Tidak Aktif,Rendah,Perempuan,Ya,Tidak Tepat Waktu
3.07,100.0,7.4,Tidak Aktif,Menengah,Perempuan,Ya,Tepat Waktu
,89.9,3.4,,Rendah,Laki-laki,Ya,Tepat Waktu
3.09,81.3,3.9,Tidak Aktif,Menengah,Laki-laki,Tidak,Tidak Tepat Waktu
,,5.2,Tidak Aktif,Menengah,Laki-laki,Tidak,Tepat Waktu
4.0,68.5,4.0,Aktif,Rendah,Laki-laki,Tidak,Tepat Waktu
3.01,100.0,4.3,Tidak Aktif,Rendah,Laki-laki,Ya,Tepat Waktu
3.24,83.6,4.2,Tidak Aktif,Rendah,Perempuan,Ya,Tepat Waktu
3.08,83.3,7.8,Aktif,Tinggi,Laki-laki,Tidak,Tepat Waktu
2.57,90.7,3.7,,Tinggi,Laki-laki,Tidak,Tepat Waktu
3.61,87.8,,Tidak Aktif,Rendah,Perempuan,Ya,Tepat Waktu
3.44,84.7,5.5,Tidak Aktif,Tinggi,Perempuan,Tidak,Tepat Waktu
3.46,72.5,5.2,Tidak Aktif,Menengah,Perempuan,Tidak,Tidak Tepat Waktu
2.69,87.7,5.8,Tidak Aktif,Rendah,Laki-laki,Tidak,Tepat Waktu
3.73,100.0,5.1,Tidak Aktif,Rendah,Laki-laki,Ya,Tepat Waktu
2.47,98.1,1.9,Tidak Aktif,Menengah,Perempuan,Tidak,Tepat Waktu
3.36,100.0,6.9,Aktif,Menengah,Laki-laki,Tidak,Tepat Waktu
4.0,75.9,1.2,Tidak Aktif,Menengah,Laki-laki,Tidak,Tepat Waktu
2.65,70.1,3.6,Tidak Aktif,Rendah,Perempuan,Ya,Tidak Tepat Waktu
2.85,80.5,2.1,Tidak Aktif,Rendah,Perempuan,Ya,Tidak Tepat Waktu
3.14,82.7,3.4,Aktif,Menengah,Perempuan,Tidak,Tidak Tepat Waktu
2.87,95.1,4.5,Tidak Aktif,Rendah,Laki-laki,Tidak,Tepat Waktu
2.4,,3.5,Aktif,Rendah,Laki-laki,Tidak,Tidak Tepat Waktu
3.13,100.0,4.8,Aktif,Rendah,Perempuan,Tidak,Tepat Waktu
2.62,80.1,6.3,Aktif,Tinggi,Laki-laki,Tidak,Tidak Tepat Waktu
3.31,76.9,4.1,Aktif,Tinggi,Perempuan,Tidak,Tepat Waktu
2.69,69.9,2.7,Tidak Aktif,Menengah,Perempuan,Tidak,Tidak Tepat Waktu
3.8,62.1,4.6,Tidak Aktif,Tinggi,Perempuan,Tidak,Tepat Waktu
2.75,91.9,5.9,Aktif,Rendah,Laki-laki,Tidak,Tepat Waktu
2.96,82.9,1.3,Tidak Aktif,Menengah,Laki-laki,Tidak,Tidak Tepat Waktu
3.47,66.5,4.1,Tidak Aktif,Rendah,Perempuan,Ya,Tidak Tepat Waktu
2.55,66.5,4.3,Tidak Aktif,Menengah,Perempuan,Tidak,Tidak Tepat Waktu
3.2,78.0,2.9,Aktif,Tinggi,Perempuan,Tidak,Tepat Waktu
3.69,100.0,6.5,Tidak Aktif,Menengah,Laki-laki,Tidak,Tepat Waktu
2.38,78.9,3.1,Tidak Aktif,Menengah,Laki-laki,Tidak,Tidak Tepat Waktu
3.18,64.0,3.2,Tidak Aktif,Menengah,Perempuan,Tidak,Tidak Tepat Waktu
3.22,79.1,3.1,Aktif,Rendah,Perempuan,Ya,Tepat Waktu
3.45,78.7,3.4,Aktif,Tinggi,Perempuan,Tidak,Tepat Waktu
2.54,49.6,0.5,Tidak Aktif,Menengah,Laki-laki,Tidak,Tidak Tepat Waktu
2.51,81.3,0.9,Tidak Aktif,Menengah,Perempuan,Tidak,Tidak Tepat Waktu
3.33,79.2,6.3,Tidak Aktif,Menengah,Perempuan,Tidak,Tepat Waktu
3.23,90.4,2.3,Tidak Aktif,Menengah,Perempuan,Tidak,Tepat Waktu
3.21,100.0,2.2,Aktif,Rendah,Laki-laki,Tidak,Tepat Waktu
3.26,95.5,,Tidak Aktif,Menengah,Laki-laki,Tidak,Tepat Waktu
2.79,78.8,2.2,Tidak Aktif,Rendah,Perempuan,Ya,Tidak Tepat Waktu
3.2,68.7,0.7,Tidak Aktif,Menengah,Laki-laki,Ya,Tepat Waktu
3.23,100.0,7.0,,Tinggi,Laki-laki,Tidak,Tepat Waktu
2.78,82.7,5.3,Tidak Aktif,Tinggi,Perempuan,Tidak,Tepat Waktu
3.94,82.2,2.3,Aktif,Menengah,Laki-laki,Tidak,Tepat Waktu
3.31,81.7,,Tidak Aktif,Menengah,Perempuan,Tidak,Tepat Waktu
2.56,84.4,5.4,Aktif,Rendah,Laki-laki,Ya,Tidak Tepat Waktu
3.4,80.3,2.8,Tidak Aktif,Menengah,Perempuan,Tidak,Tidak Tepat Waktu
2.66,75.1,0.0,Tidak Aktif,Rendah,Perempuan,Ya,Tidak Tepat Waktu
3.45,75.4,7.4,Tidak Aktif,Menengah,Laki-laki,Tidak,Tepat Waktu
3.62,81.6,1.0,,Rendah,Laki-laki,Tidak,Tidak Tepat Waktu
2.73,75.5,0.3,Tidak Aktif,Rendah,Laki-laki,Tidak,Tepat Waktu
,73.4,5.0,Tidak Aktif,Menengah,Laki-laki,Ya,Tidak Tepat Waktu
3.29,83.3,7.9,Tidak Aktif,Rendah,Perempuan,Tidak,Tepat Waktu
3.47,78.9,5.9,Aktif,Menengah,Perempuan,Ya,Tepat Waktu
3.95,100.0,,Tidak Aktif,Rendah,Laki-laki,Tidak,Tepat Waktu
2.99,50.2,3.6,Tidak Aktif,Rendah,Laki-laki,Ya,Tidak Tepat Waktu
2.76,95.1,5.4,Aktif,Menengah,Laki-laki,Ya,Tepat Waktu
,97.0,5.4,Tidak Aktif,Rendah,Perempuan,Tidak,Tidak Tepat Waktu
2.73,57.1,3.3,Tidak Aktif,Rendah,Laki-laki,Tidak,Tidak Tepat Waktu
3.07,77.9,3.6,Aktif,Menengah,Perempuan,Tidak,Tepat Waktu
3.25,77.5,3.3,Tidak Aktif,Rendah,Perempuan,Tidak,Tepat Waktu
3.22,65.1,1.6,Aktif,Tinggi,Perempuan,Tidak,Tidak Tepat Waktu
3.47,72.7,2.7,Aktif,Rendah,Laki-laki,Ya,Tepat Waktu
3.11,68.7,0.1,Aktif,Rendah,Perempuan,Tidak,Tidak Tepat Waktu
3.75,100.0,3.8,Tidak Aktif,Menengah,Laki-laki,Tidak,Tepat Waktu
2.98,93.2,2.0,,Rendah,Laki-laki,Ya,Tepat Waktu
4.0,97.3,2.0,Aktif,Rendah,Perempuan,Ya,Tepat Waktu
3.38,90.7,4.1,Tidak Aktif,Menengah,Perempuan,Tidak,Tepat Waktu
2.71,68.5,5.6,Tidak Aktif,Rendah,Laki-laki,Tidak,Tepat Waktu
2.62,75.7,5.0,Aktif,Tinggi,Laki-laki,Tidak,Tidak Tepat Waktu
3.32,87.9,0.9,Tidak Aktif,Rendah,Laki-laki,Ya,Tidak Tepat Waktu
3.0,67.3,1.3,Tidak Aktif,Menengah,Laki-laki,Tidak,Tidak Tepat Waktu
3.42,90.6,5.5,Tidak Aktif,Tinggi,Laki-laki,Tidak,Tepat Waktu
3.31,79.1,1.6,Tidak Aktif,Menengah,Laki-laki,Ya,Tidak Tepat Waktu
3.07,77.5,3.0,Tidak Aktif,Tinggi,Laki-laki,Tidak,Tepat Waktu
2.72,90.5,4.8,Tidak Aktif,Menengah,Perempuan,Ya,Tepat Waktu
2.42,,2.0,Tidak Aktif,Tinggi,Perempuan,Tidak,Tidak Tepat Waktu
2.9,77.7,3.6,Tidak Aktif,Rendah,Perempuan,Ya,Tepat Waktu
3.49,95.9,,Aktif,Menengah,Laki-laki,Tidak,Tepat Waktu
3.2,69.0,2.0,Tidak Aktif,Menengah,Perempuan,Tidak,Tidak Tepat Waktu
,89.4,4.3,Tidak Aktif,Menengah,Perempuan,Tidak,Tidak Tepat Waktu
3.18,89.1,0.8,Aktif,Menengah,Perempuan,Tidak,Tidak Tepat Waktu
3.27,78.3,4.2,Aktif,Menengah,Perempuan,Ya,Tidak Tepat Waktu
2.7,85.9,3.6,Tidak Aktif,Rendah,Perempuan,Tidak,Tidak Tepat Waktu
3.17,67.0,4.0,Tidak Aktif,Rendah,Perempuan,Tidak,Tepat Waktu
3.13,93.1,4.2,Tidak Aktif,Menengah,Laki-laki,Ya,Tepat Waktu
2.59,79.8,5.9,Tidak Aktif,Menengah,Perempuan,Tidak,Tepat Waktu
3.26,75.7,3.5,Aktif,Tinggi,Perempuan,Tidak,Tepat Waktu
3.35,94.6,3.1,,Menengah,Perempuan,Ya,Tepat Waktu
3.59,73.5,3.4,Aktif,Tinggi,Perempuan,Tidak,Tidak Tepat Waktu
3.57,65.1,4.0,Tidak Aktif,Menengah,Laki-laki,Ya,Tepat Waktu
2.48,63.3,3.0,Tidak Aktif,Rendah,Laki-laki,Ya,Tidak Tepat Waktu
2.68,89.3,3.8,,Rendah,Perempuan,Tidak,Tidak Tepat Waktu
3.33,66.6,1.7,Tidak Aktif,Menengah,Perempuan,Tidak,Tidak Tepat Waktu
3.33,100.0,2.8,Aktif,Menengah,Perempuan,Tidak,Tepat Waktu
3.33,57.0,0.2,Tidak Aktif,Rendah,Laki-laki,Ya,Tidak Tepat Waktu
,100.0,7.1,Tidak Aktif,Menengah,Laki-laki,Ya,Tepat Waktu
3.36,84.5,1.4,Tidak Aktif,Tinggi,Perempuan,Tidak,Tidak Tepat Waktu
3.61,80.8,2.3,Tidak Aktif,Menengah,Perempuan,Tidak,Tepat Waktu
,75.5,2.0,Tidak Aktif,Menengah,Perempuan,Tidak,Tepat Waktu
3.39,86.8,5.2,Tidak Aktif,Menengah,Laki-laki,Tidak,Tepat Waktu
2.96,81.5,3.0,Aktif,Rendah,Perempuan,Tidak,Tidak Tepat Waktu
3.44,95.2,6.1,Aktif,Menengah,Laki-laki,Tidak,Tepat Waktu
2.75,83.4,2.3,Tidak Aktif,Menengah,Perempuan,Tidak,Tepat Waktu
2.99,83.8,4.1,Tidak Aktif,Rendah,Laki-laki,Ya,Tidak Tepat Waktu
2.88,77.6,1.9,Aktif,Menengah,Laki-laki,Ya,Tidak Tepat Waktu
3.14,81.3,7.4,Aktif,Menengah,Perempuan,Ya,Tepat Waktu
4.0,85.7,1.5,Aktif,Tinggi,Perempuan,Tidak,Tepat Waktu
2.26,61.5,3.5,Aktif,Tinggi,Laki-laki,Tidak,Tepat Waktu
3.41,,4.1,Tidak Aktif,Rendah,Perempuan,Ya,Tepat Waktu
2.37,90.9,4.5,Tidak Aktif,Menengah,Laki-laki,Tidak,Tepat Waktu
2.89,84.1,3.3,Tidak Aktif,Menengah,Laki-laki,Tidak,Tidak Tepat Waktu
3.59,79.8,3.2,Tidak Aktif,Tinggi,Laki-laki,Tidak,Tepat Waktu
3.13,82.2,3.6,Tidak Aktif,Rendah,Laki-laki,Ya,Tepat Waktu
2.62,,3.3,Tidak Aktif,Menengah,Perempuan,Ya,Tidak Tepat Waktu
2.78,75.5,5.0,Tidak Aktif,Menengah,Laki-laki,Tidak,Tepat Waktu
3.41,72.7,7.2,Tidak Aktif,Rendah,Perempuan,Tidak,Tepat Waktu
2.77,84.4,2.6,Tidak Aktif,Rendah,Perempuan,Tidak,Tidak Tepat Waktu
3.2,70.3,0.6,Aktif,Menengah,Laki-laki,Ya,Tidak Tepat Waktu
3.12,86.9,3.4,Tidak Aktif,Menengah,Perempuan,Ya,Tepat Waktu
2.81,61.6,7.5,Aktif,Rendah,Laki-laki,Ya,Tepat Waktu
4.0,94.3,2.5,Tidak Aktif,Menengah,Perempuan,Ya,Tepat Waktu
3.39,87.7,6.7,Aktif,Menengah,Laki-laki,Ya,Tepat Waktu
2.19,85.1,6.6,Aktif,Menengah,Laki-laki,Tidak,Tidak Tepat Waktu
3.18,93.8,2.9,Tidak Aktif,Rendah,Laki-laki,Ya,Tepat Waktu
2.8,100.0,5.0,,Tinggi,Laki-laki,Tidak,Tepat Waktu
3.48,94.2,,,Rendah,Laki-laki,Ya,Tepat Waktu
2.74,59.9,2.1,Aktif,Menengah,Perempuan,Ya,Tidak Tepat Waktu
3.05,66.6,2.6,Tidak Aktif,Rendah,Perempuan,Tidak,Tepat Waktu
,,2.3,Tidak Aktif,Rendah,Perempuan,Ya,Tepat Waktu
3.49,82.3,1.7,Tidak Aktif,Menengah,Perempuan,Tidak,Tidak Tepat Waktu
2.56,88.2,2.5,Aktif,Rendah,Laki-laki,Ya,Tidak Tepat Waktu
2.95,73.3,1.0,Aktif,Tinggi,Laki-laki,Ya,Tidak Tepat Waktu
2.89,84.2,3.7,Aktif,Rendah,Laki-laki,Tidak,Tepat Waktu
2.81,72.9,1.8,Aktif,Menengah,Laki-laki,Ya,Tidak Tepat Waktu
3.89,74.7,3.7,Tidak Aktif,Rendah,Perempuan,Tidak,Tepat Waktu
3.28,65.1,0.2,Tidak Aktif,Rendah,Perempuan,Ya,Tidak Tepat Waktu
2.53,70.9,3.8,Tidak Aktif,Rendah,Laki-laki,Tidak,Tepat Waktu
,65.8,4.5,Tidak Aktif,Menengah,Laki-laki,Tidak,Tepat Waktu
4.0,70.3,0.0,Tidak Aktif,Menengah,Perempuan,Ya,Tepat Waktu
3.56,94.6,4.6,Tidak Aktif,Menengah,Perempuan,Ya,Tepat Waktu
2.42,70.6,5.4,Aktif,Menengah,Laki-laki,Tidak,Tidak Tepat Waktu
2.88,100.0,1.8,Tidak Aktif,Menengah,Perempuan,Tidak,Tidak Tepat Waktu
3.67,87.9,6.7,Tidak Aktif,Rendah,Perempuan,Tidak,Tepat Waktu
2.78,84.2,4.4,Tidak Aktif,Menengah,Laki-laki,Ya,Tidak Tepat Waktu
3.3,71.7,1.9,Aktif,Tinggi,Laki-laki,Tidak,Tepat Waktu
3.45,90.4,3.7,Tidak Aktif,Menengah,Perempuan,Ya,Tidak Tepat Waktu
2.68,75.1,4.3,Tidak Aktif,Menengah,Perempuan,Tidak,Tidak Tepat Waktu
3.07,83.5,3.6,Tidak Aktif,Rendah,Perempuan,Tidak,Tepat Waktu
1.64,100.0,5.0,Tidak Aktif,Menengah,Laki-laki,Tidak,Tidak Tepat Waktu
2.64,80.8,1.8,Tidak Aktif,Menengah,Laki-laki,Tidak,Tidak Tepat Waktu
2.99,95.8,4.2,Tidak Aktif,Menengah,Perempuan,Tidak,Tidak Tepat Waktu
2.54,73.6,0.7,Aktif,Tinggi,Perempuan,Tidak,Tidak Tepat Waktu
3.83,81.6,3.3,Tidak Aktif,Rendah,Laki-laki,Tidak,Tepat Waktu
2.46,100.0,2.4,Aktif,Rendah,Perempuan,Ya,Tidak Tepat Waktu
2.9,74.5,2.0,Tidak Aktif,Menengah,Perempuan,Tidak,Tepat Waktu
3.16,100.0,6.2,Tidak Aktif,Tinggi,Perempuan,Tidak,Tepat Waktu
3.75,90.5,5.8,Aktif,Rendah,Perempuan,Ya,Tepat Waktu
2.45,75.3,4.4,Tidak Aktif,Rendah,Perempuan,Tidak,Tepat Waktu
3.62,89.6,1.7,Aktif,Rendah,Laki-laki,Ya,Tepat Waktu
3.1,93.7,3.3,Tidak Aktif,Rendah,Perempuan,Tidak,Tepat Waktu
2.66,89.5,,Tidak Aktif,Menengah,Laki-laki,Ya,Tepat Waktu
3.31,63.2,3.2,Tidak Aktif,Menengah,Perempuan,Tidak,Tepat Waktu
3.19,73.3,7.4,Aktif,Rendah,Laki-laki,Tidak,Tepat Waktu
2.83,79.0,4.1,Tidak Aktif,Menengah,Perempuan,Tidak,Tidak Tepat Waktu
3.13,81.1,3.8,Tidak Aktif,Rendah,Laki-laki,Ya,Tepat Waktu
2.93,,3.1,Aktif,Rendah,Laki-laki,Ya,Tepat Waktu
3.15,84.1,3.8,Tidak Aktif,Menengah,Laki-laki,Tidak,Tepat Waktu
3.4,66.0,2.7,Aktif,Tinggi,Laki-laki,Tidak,Tidak Tepat Waktu
3.81,,4.9,Tidak Aktif,Tinggi,Perempuan,Tidak,Tepat Waktu
2.54,89.3,5.4,Aktif,Rendah,Perempuan,Tidak,Tepat Waktu
4.0,,2.3,Tidak Aktif,Tinggi,Perempuan,Tidak,Tepat Waktu
2.22,95.0,1.5,Tidak Aktif,Menengah,Laki-laki,Tidak,Tidak Tepat Waktu
3.03,92.0,0.5,Aktif,Menengah,Laki-laki,Tidak,Tepat Waktu
3.36,87.5,4.6,,Menengah,Laki-laki,Ya,Tepat Waktu
3.23,81.2,1.5,Aktif,Menengah,Laki-laki,Tidak,Tidak Tepat Waktu
2.82,62.1,0.0,Tidak Aktif,Rendah,Perempuan,Tidak,Tidak Tepat Waktu
3.01,87.2,4.4,Aktif,Rendah,Laki-laki,Ya,Tepat Waktu
2.88,84.5,8.1,Tidak Aktif,Rendah,Laki-laki,Ya,Tepat Waktu
2.83,85.3,3.6,Aktif,Rendah,Laki-laki,Ya,Tepat Waktu
3.48,66.7,4.5,Aktif,Menengah,Laki-laki,Tidak,Tepat Waktu
3.26,69.0,3.2,Tidak Aktif,Menengah,Perempuan,Ya,Tepat Waktu
2.79,94.6,3.7,Aktif,Menengah,Perempuan,Tidak,Tepat Waktu
3.5,81.5,5.2,Tidak Aktif,Rendah,Laki-laki,Ya,Tepat Waktu
3.24,90.2,3.2,Tidak Aktif,Tinggi,Laki-laki,Tidak,Tepat Waktu
3.47,82.3,4.0,Tidak Aktif,Tinggi,Laki-laki,Tidak,Tepat Waktu
3.38,82.4,4.1,Tidak Aktif,Menengah,Laki-laki,Tidak,Tepat Waktu
2.73,93.3,2.6,Tidak Aktif,Tinggi,Laki-laki,Tidak,Tepat Waktu
2.85,,5.1,Aktif,Menengah,Perempuan,Tidak,Tepat Waktu
3.44,83.2,3.2,Aktif,Tinggi,Perempuan,Tidak,Tepat Waktu
3.37,76.5,1.9,Aktif,Rendah,Perempuan,Ya,Tidak Tepat Waktu
3.09,76.8,4.3,Tidak Aktif,Menengah,Laki-laki,Tidak,Tidak Tepat Waktu
3.15,78.3,1.8,Aktif,Rendah,Laki-laki,Tidak,Tidak Tepat Waktu
3.67,84.7,3.7,Tidak Aktif,Rendah,Perempuan,Tidak,Tepat Waktu
2.83,76.3,3.3,Tidak Aktif,Rendah,Perempuan,Ya,Tepat Waktu
3.35,97.1,6.0,Tidak Aktif,Menengah,Perempuan,Ya,Tepat Waktu
3.01,71.3,4.1,Tidak Aktif,Menengah,Laki-laki,Ya,Tidak Tepat Waktu
3.0,79.8,3.4,Aktif,Menengah,Perempuan,Tidak,Tidak Tepat Waktu
3.59,76.7,4.8,Tidak Aktif,Rendah,Laki-laki,Ya,Tepat Waktu
3.47,99.4,6.5,Tidak Aktif,Tinggi,Perempuan,Tidak,Tepat Waktu
3.47,84.4,4.6,Aktif,Menengah,Perempuan,Tidak,Tepat Waktu
3.69,94.4,3.9,Aktif,Menengah,Perempuan,Tidak,Tepat Waktu
3.11,64.2,0.6,Tidak Aktif,Menengah,Laki-laki,Tidak,Tidak Tepat Waktu
3.41,85.2,1.7,Tidak Aktif,Rendah,Perempuan,Tidak,Tidak Tepat Waktu
2.96,92.7,3.3,Tidak Aktif,Rendah,Laki-laki,Tidak,Tidak Tepat Waktu
3.25,83.0,,Tidak Aktif,Tinggi,Laki-laki,Tidak,Tepat Waktu
3.04,94.8,3.6,Tidak Aktif,Rendah,Laki-laki,Ya,Tepat Waktu
3.14,75.8,3.4,Tidak Aktif,Menengah,Perempuan,Ya,Tidak Tepat Waktu
3.37,98.9,5.0,Tidak Aktif,Tinggi,Laki-laki,Tidak,Tepat Waktu
2.73,100.0,,Aktif,Menengah,Laki-laki,Tidak,Tepat Waktu
4.0,77.6,4.3,Tidak Aktif,Rendah,Perempuan,Tidak,Tepat Waktu
2.65,76.7,3.4,Tidak Aktif,Rendah,Laki-laki,Ya,Tidak Tepat Waktu
2.55,99.4,0.5,Tidak Aktif,Rendah,Perempuan,Ya,Tidak Tepat Waktu
3.62,100.0,2.3,,Menengah,Laki-laki,Tidak,Tepat Waktu
3.46,75.7,3.0,Tidak Aktif,Menengah,Laki-laki,Tidak,Tepat Waktu
3.38,77.0,1.2,Tidak Aktif,Rendah,Perempuan,Ya,Tepat Waktu
3.38,78.6,4.5,Tidak Aktif,Tinggi,Laki-laki,Tidak,Tepat Waktu
3.09,65.9,5.8,Tidak Aktif,Menengah,Laki-laki,Tidak,Tidak Tepat Waktu
2.7,71.0,5.4,Tidak Aktif,Rendah,Perempuan,Ya,Tepat Waktu
3.13,70.0,2.7,Aktif,Menengah,Perempuan,Ya,Tepat Waktu
2.8,72.8,5.9,Tidak Aktif,Menengah,Perempuan,Ya,Tepat Waktu
3.54,81.6,3.8,Aktif,Rendah,Laki-laki,Tidak,Tepat Waktu
3.03,84.8,3.0,Tidak Aktif,Rendah,Laki-laki,Tidak,Tepat Waktu
2.73,100.0,2.9,Tidak Aktif,Tinggi,Perempuan,Tidak,Tepat Waktu
2.96,,2.6,,Menengah,Perempuan,Tidak,Tidak Tepat Waktu
3.29,93.8,3.2,Tidak Aktif,Menengah,Perempuan,Tidak,Tepat Waktu
2.85,79.4,3.7,Tidak Aktif,Menengah,Perempuan,Tidak,Tepat Waktu
2.73,81.4,3.8,Tidak Aktif,Rendah,Perempuan,Tidak,Tepat Waktu
3.21,90.1,3.7,Tidak Aktif,Rendah,Perempuan,Ya,Tepat Waktu
3.21,68.5,3.9,Tidak Aktif,Menengah,Laki-laki,Tidak,Tepat Waktu
2.87,86.6,5.7,Aktif,Rendah,Perempuan,Tidak,Tepat Waktu
,,5.3,Aktif,Rendah,Laki-laki,Tidak,Tepat Waktu
3.2,87.9,1.0,,Tinggi,Laki-laki,Tidak,Tidak Tepat Waktu
2.45,85.5,0.1,Tidak Aktif,Tinggi,Perempuan,Tidak,Tidak Tepat Waktu
2.47,100.0,5.7,,Menengah,Perempuan,Tidak,Tepat Waktu
2.78,74.3,0.8,Aktif,Tinggi,Laki-laki,Tidak,Tidak Tepat Waktu
3.0,,2.9,Aktif,Rendah,Laki-laki,Ya,Tidak Tepat Waktu
,74.5,1.2,Tidak Aktif,Tinggi,Laki-laki,Tidak,Tidak Tepat Waktu
3.76,75.3,,Aktif,Rendah,Perempuan,Ya,Tepat Waktu
3.49,74.4,4.3,Tidak Aktif,Tinggi,Perempuan,Tidak,Tepat Waktu
3.03,96.3,5.3,Aktif,Tinggi,Laki-laki,Tidak,Tepat Waktu
3.09,99.0,3.0,Tidak Aktif,Menengah,Laki-laki,Ya,Tepat Waktu
2.65,75.2,0.0,Aktif,Tinggi,Perempuan,Tidak,Tidak Tepat Waktu
3.09,72.0,2.2,Aktif,Menengah,Laki-laki,Tidak,Tidak Tepat Waktu
2.97,87.7,4.4,Tidak Aktif,Rendah,Perempuan,Tidak,Tepat Waktu
3.25,75.4,0.6,Aktif,Menengah,Perempuan,Ya,Tidak Tepat Waktu
2.73,89.6,4.0,Aktif,Menengah,Laki-laki,Tidak,Tepat Waktu
3.33,84.4,3.6,Aktif,Rendah,Perempuan,Tidak,Tepat Waktu
3.79,63.8,4.0,Aktif,Menengah,Laki-laki,Ya,Tepat Waktu
3.05,100.0,4.2,Aktif,Tinggi,Laki-laki,Tidak,Tepat Waktu
3.28,100.0,2.2,Aktif,Rendah,Perempuan,Ya,Tepat Waktu
3.41,74.6,5.5,Tidak Aktif,Menengah,Laki-laki,Tidak,Tepat Waktu
2.92,77.3,3.1,Tidak Aktif,Tinggi,Perempuan,Tidak,Tidak Tepat Waktu
,85.4,3.6,Tidak Aktif,Tinggi,Perempuan,Tidak,Tepat Waktu
3.11,86.0,1.9,Aktif,Tinggi,Laki-laki,Tidak,Tepat Waktu
3.14,89.9,2.9,Tidak Aktif,Menengah,Laki-laki,Tidak,Tidak Tepat Waktu
2.75,100.0,2.4,Tidak Aktif,Tinggi,Laki-laki,Tidak,Tepat Waktu
3.11,79.9,3.1,Aktif,Menengah,Laki-laki,Tidak,Tepat Waktu
3.32,72.4,6.3,Tidak Aktif,Rendah,Laki-laki,Ya,Tepat Waktu
3.75,65.4,0.5,Aktif,Menengah,Laki-laki,Ya,Tidak Tepat Waktu
3.53,73.2,0.3,Aktif,Menengah,Laki-laki,Ya,Tidak Tepat Waktu
4.0,81.6,6.1,Tidak Aktif,Rendah,Perempuan,Ya,Tepat Waktu
2.75,100.0,3.6,Tidak Aktif,Menengah,Perempuan,Tidak,Tepat Waktu
3.49,75.8,2.1,Tidak Aktif,Menengah,Perempuan,Ya,Tidak Tepat Waktu
3.18,84.7,5.5,Tidak Aktif,Rendah,Laki-laki,Ya,Tepat Waktu
4.0,81.8,2.4,Tidak Aktif,Menengah,Laki-laki,Tidak,Tepat Waktu
2.74,96.3,7.2,Aktif,Menengah,Perempuan,Tidak,Tepat Waktu
2.72,100.0,5.2,Aktif,Menengah,Perempuan,Tidak,Tidak Tepat Waktu
2.83,75.6,2.4,Tidak Aktif,Rendah,Laki-laki,Tidak,Tidak Tepat Waktu
,76.1,7.2,Tidak Aktif,Rendah,Perempuan,Tidak,Tidak Tepat Waktu
2.86,94.5,2.8,Tidak Aktif,Menengah,Perempuan,Tidak,Tidak Tepat Waktu
2.76,90.2,5.0,Tidak Aktif,Tinggi,Perempuan,Tidak,Tepat Waktu
3.17,100.0,4.5,Tidak Aktif,Rendah,Laki-laki,Ya,Tepat Waktu
3.25,89.0,6.0,,Menengah,Perempuan,Tidak,Tepat Waktu
3.94,77.7,6.2,,Rendah,Perempuan,Tidak,Tepat Waktu
3.53,89.1,3.8,Tidak Aktif,Rendah,Perempuan,Ya,Tidak Tepat Waktu
2.84,95.3,,Tidak Aktif,Tinggi,Perempuan,Tidak,Tepat Waktu
2.7,91.8,4.6,Tidak Aktif,Menengah,Perempuan,Tidak,Tepat Waktu
3.32,88.1,2.5,Aktif,Rendah,Perempuan,Ya,Tepat Waktu
2.51,94.8,7.5,Tidak Aktif,Menengah,Laki-laki,Tidak,Tidak Tepat Waktu
,96.0,4.1,Aktif,Rendah,Perempuan,Ya,Tepat Waktu
,98.6,3.3,Aktif,Menengah,Perempuan,Tidak,Tepat Waktu
2.89,89.8,4.0,Aktif,Menengah,Perempuan,Tidak,Tidak Tepat Waktu
2.33,,1.0,Tidak Aktif,Rendah,Laki-laki,Tidak,Tidak Tepat Waktu
3.71,83.8,1.9,Tidak Aktif,Rendah,Laki-laki,Tidak,Tepat Waktu
3.05,96.5,6.1,Aktif,Menengah,Perempuan,Tidak,Tepat Waktu
3.66,,2.0,Tidak Aktif,Tinggi,Perempuan,Tidak,Tepat Waktu
2.38,86.4,1.7,Tidak Aktif,Tinggi,Perempuan,Tidak,Tidak Tepat Waktu
2.83,77.3,4.4,Tidak Aktif,Rendah,Perempuan,Ya,Tidak Tepat Waktu
3.1,82.3,5.6,Aktif,Menengah,Perempuan,Tidak,Tepat Waktu
3.12,97.3,5.3,Tidak Aktif,Menengah,Perempuan,Tidak,Tepat Waktu
2.9,84.3,5.4,Tidak Aktif,Menengah,Perempuan,Tidak,Tidak Tepat Waktu
3.38,82.6,2.1,Aktif,Menengah,Perempuan,Ya,Tepat Waktu
2.62,65.7,0.4,Aktif,Tinggi,Perempuan,Tidak,Tidak Tepat Waktu
3.04,91.0,6.5,Tidak Aktif,Tinggi,Laki-laki,Tidak,Tepat Waktu
3.15,89.7,3.1,Tidak Aktif,Menengah,Laki-laki,Ya,Tepat Waktu
3.33,100.0,3.5,Tidak Aktif,Menengah,Perempuan,Tidak,Tidak Tepat Waktu
3.42,78.3,5.8,Tidak Aktif,Menengah,Laki-laki,Tidak,Tepat Waktu
,84.6,4.6,Tidak Aktif,Rendah,Laki-laki,Tidak,Tidak Tepat Waktu
2.41,85.0,4.4,Tidak Aktif,Menengah,Laki-laki,Tidak,Tidak Tepat Waktu
3.67,100.0,7.9,Aktif,Menengah,Laki-laki,Ya,Tepat Waktu
3.25,80.9,2.3,Tidak Aktif,Menengah,Laki-laki,Tidak,Tidak Tepat Waktu
,85.3,5.3,Tidak Aktif,Rendah,Laki-laki,Ya,Tepat Waktu
3.8,89.3,3.8,Tidak Aktif,Rendah,Perempuan,Ya,Tepat Waktu
3.15,84.2,4.1,Tidak Aktif,Tinggi,Perempuan,Tidak,Tepat Waktu
3.63,76.6,6.1,Tidak Aktif,Rendah,Laki-laki,Tidak,Tepat Waktu
3.13,84.3,4.5,Aktif,Menengah,Laki-laki,Ya,Tepat Waktu
4.0,94.9,,Tidak Aktif,Rendah,Perempuan,Tidak,Tepat Waktu
3.89,69.7,5.0,Aktif,Rendah,Laki-laki,Tidak,Tepat Waktu
2.99,83.6,,Tidak Aktif,Rendah,Perempuan,Ya,Tepat Waktu
3.54,73.6,1.7,Aktif,Rendah,Perempuan,Ya,Tidak Tepat Waktu
3.39,96.3,2.0,Aktif,Tinggi,Perempuan,Tidak,Tidak Tepat Waktu
3.72,63.7,0.0,Tidak Aktif,Rendah,Laki-laki,Ya,Tidak Tepat Waktu
2.67,75.3,7.0,Aktif,Tinggi,Perempuan,Tidak,Tepat Waktu
3.41,86.5,1.6,Tidak Aktif,Menengah,Laki-laki,Tidak,Tepat Waktu
3.58,100.0,3.6,Tidak Aktif,Menengah,Perempuan,Ya,Tepat Waktu
2.31,81.2,3.0,Aktif,Menengah,Perempuan,Tidak,Tidak Tepat Waktu
2.57,75.3,3.9,Aktif,Menengah,Laki-laki,Tidak,Tidak Tepat Waktu
2.18,100.0,5.5,Tidak Aktif,Menengah,Laki-laki,Tidak,Tepat Waktu
2.98,64.6,4.5,Aktif,Rendah,Laki-laki,Tidak,Tepat Waktu
3.42,55.6,1.7,Tidak Aktif,Menengah,Perempuan,Ya,Tidak Tepat Waktu
3.78,87.3,3.4,Tidak Aktif,Tinggi,Laki-laki,Tidak,Tepat Waktu
3.13,76.0,3.8,Tidak Aktif,Tinggi,Perempuan,Tidak,Tepat Waktu
3.83,69.7,,Tidak Aktif,Tinggi,Laki-laki,Tidak,Tepat Waktu
2.48,90.5,,Tidak Aktif,Menengah,Perempuan,Tidak,Tepat Waktu
2.33,84.9,4.5,Tidak Aktif,Menengah,Perempuan,Ya,Tidak Tepat Waktu
3.08,75.2,4.6,Aktif,Menengah,Perempuan,Tidak,Tepat Waktu
3.27,66.6,4.2,Aktif,Menengah,Perempuan,Ya,Tepat Waktu
3.09,92.5,5.9,Tidak Aktif,Rendah,Laki-laki,Tidak,Tidak Tepat Waktu
2.17,89.8,4.0,Tidak Aktif,Menengah,Laki-laki,Tidak,Tidak Tepat Waktu
3.06,,1.2,Tidak Aktif,Rendah,Perempuan,Ya,Tidak Tepat Waktu
2.51,100.0,4.7,Tidak Aktif,Rendah,Laki-laki,Tidak,Tidak Tepat Waktu
3.4,69.2,1.9,Tidak Aktif,Tinggi,Laki-laki,Tidak,Tidak Tepat Waktu
3.26,63.7,2.0,Tidak Aktif,Rendah,Laki-laki,Ya,Tidak Tepat Waktu
2.68,73.7,4.4,Tidak Aktif,Rendah,Laki-laki,Ya,Tepat Waktu
2.87,81.5,5.7,Aktif,Rendah,Laki-laki,Tidak,Tidak Tepat Waktu
2.62,84.9,3.6,Tidak Aktif,Tinggi,Perempuan,Tidak,Tidak Tepat Waktu
3.07,79.1,4.0,Tidak Aktif,Menengah,Laki-laki,Tidak,Tepat Waktu
3.53,86.2,6.7,Tidak Aktif,Menengah,Perempuan,Tidak,Tepat Waktu
2.66,67.0,3.4,,Tinggi,Laki-laki,Tidak,Tidak Tepat Waktu
3.33,99.3,8.7,Tidak Aktif,Tinggi,Perempuan,Tidak,Tepat Waktu
2.86,81.0,4.5,Tidak Aktif,Rendah,Laki-laki,Tidak,Tepat Waktu
2.74,95.4,0.7,Aktif,Menengah,Perempuan,Tidak,Tidak Tepat Waktu
3.05,86.1,5.0,Tidak Aktif,Menengah,Perempuan,Tidak,Tepat Waktu
2.63,87.5,4.4,Aktif,Menengah,Laki-laki,Tidak,Tepat Waktu
2.85,88.8,6.0,Tidak Aktif,Rendah,Perempuan,Ya,Tepat Waktu
2.56,87.4,4.9,Aktif,Tinggi,Perempuan,Tidak,Tidak Tepat Waktu
3.98,89.7,3.5,Aktif,Menengah,Perempuan,Ya,Tepat Waktu
3.12,97.9,1.8,Aktif,Rendah,Perempuan,Tidak,Tidak Tepat Waktu
2.79,84.4,3.2,Tidak Aktif,Menengah,Laki-laki,Tidak,Tidak Tepat Waktu
3.2,,2.3,Tidak Aktif,Rendah,Perempuan,Tidak,Tidak Tepat Waktu
3.05,80.9,2.5,Aktif,Rendah,Laki-laki,Tidak,Tidak Tepat Waktu
3.0,99.3,5.1,,Menengah,Laki-laki,Tidak,Tepat Waktu
3.38,73.9,6.3,Tidak Aktif,Rendah,Perempuan,Tidak,Tepat Waktu
3.44,100.0,4.7,Aktif,Menengah,Laki-laki,Tidak,Tepat Waktu
2.86,81.5,1.3,Tidak Aktif,Menengah,Perempuan,Tidak,Tidak Tepat Waktu
2.84,64.8,3.8,Tidak Aktif,Rendah,Perempuan,Tidak,Tidak Tepat Waktu
,83.5,5.7,,Tinggi,Perempuan,Tidak,Tidak Tepat Waktu
2.06,73.8,2.2,Aktif,Rendah,Perempuan,Tidak,Tidak Tepat Waktu
2.42,92.1,3.6,Tidak Aktif,Rendah,Laki-laki,Ya,Tidak Tepat Waktu
3.72,74.2,3.3,Tidak Aktif,Rendah,Laki-laki,Ya,Tepat Waktu
3.84,76.6,1.9,Tidak Aktif,Rendah,Laki-laki,Ya,Tepat Waktu
2.99,59.3,4.0,Aktif,Rendah,Laki-laki,Tidak,Tidak Tepat Waktu
3.36,76.6,3.1,Tidak Aktif,Menengah,Laki-laki,Ya,Tidak Tepat Waktu
3.24,52.9,3.4,Aktif,Tinggi,Laki-laki,Tidak,Tidak Tepat Waktu
4.0,63.0,1.3,Tidak Aktif,Rendah,Perempuan,Tidak,Tidak Tepat Waktu
3.6,91.1,3.0,Tidak Aktif,Menengah,Perempuan,Tidak,Tidak Tepat Waktu
3.04,91.4,5.1,,Menengah,Laki-laki,Tidak,Tepat Waktu
2.67,87.1,3.0,Aktif,Tinggi,Perempuan,Tidak,Tidak Tepat Waktu
2.38,70.4,6.3,Aktif,Menengah,Laki-laki,Tidak,Tepat Waktu
3.19,81.4,2.8,Tidak Aktif,Rendah,Laki-laki,Ya,Tidak Tepat Waktu
2.76,82.0,3.9,Aktif,Rendah,Perempuan,Tidak,Tidak Tepat Waktu
2.46,68.1,4.8,Aktif,Menengah,Perempuan,Tidak,Tidak Tepat Waktu
2.81,100.0,1.4,Tidak Aktif,Tinggi,Perempuan,Tidak,Tepat Waktu
2.61,92.5,0.6,Tidak Aktif,Rendah,Laki-laki,Tidak,Tidak Tepat Waktu
3.86,79.3,0.7,Aktif,Menengah,Perempuan,Tidak,Tepat Waktu
3.5,82.3,5.8,Tidak Aktif,Tinggi,Perempuan,Tidak,Tepat Waktu
3.1,84.5,,Aktif,Tinggi,Perempuan,Tidak,Tepat Waktu
3.77,57.5,7.4,Tidak Aktif,Tinggi,Perempuan,Tidak,Tepat Waktu
3.13,79.0,2.4,Aktif,Menengah,Perempuan,Tidak,Tidak Tepat Waktu
2.71,73.8,3.6,Tidak Aktif,Menengah,Perempuan,Ya,Tidak Tepat Waktu
3.79,70.0,5.9,Tidak Aktif,Menengah,Perempuan,Tidak,Tepat Waktu
3.34,78.6,7.0,Tidak Aktif,Menengah,Perempuan,Ya,Tepat Waktu
2.63,100.0,7.7,Tidak Aktif,Rendah,Perempuan,Ya,Tepat Waktu
3.01,89.7,5.9,Aktif,Menengah,Laki-laki,Ya,Tepat Waktu
2.71,75.1,5.1,Tidak Aktif,Menengah,Perempuan,Tidak,Tepat Waktu
2.48,88.9,4.8,Tidak Aktif,Rendah,Laki-laki,Ya,Tidak Tepat Waktu
